<?xml version='1.0'?>
<!--Generated by xmldoc v9.5.3 on 21 DEC 2011 08:49:30-->
<doc>
  <assembly>
    <name>AboutBox</name>
  </assembly>
  <members>
    <member name="M:ISAMUtils.FconvertInput.btnFconvertInputFileTypeIsam_Click(System.Object,System.EventArgs)">
      ***********************************************************************************
       Button Clicks
       calls generalRoutines to handle folder and file browse button clicks
      ***********************************************************************************		
    </member>
    <member name="M:ISAMUtils.FconvertInput.cboxFconvertInputFileLockingEnable_CheckedChanged(System.Object,System.EventArgs)">
      ***********************************************************************************
       CheckBox CheckedChanged - Clear Panel
       when the checkBox is either checked or unchecked, these routines will fire and
       clear out the data in the fields associated with that checkBox
      ***********************************************************************************
    </member>
    <member name="M:ISAMUtils.FconvertInput.comboxFconvertInputFileType_SelectedIndexChanged(System.Object,System.EventArgs)">
      ***********************************************************************************
       ComboBox selection changes 
      	sets the tag value for the combo boxes based on what the SelectedItemIndex is
      ***********************************************************************************
    </member>
    <member name="M:ISAMUtils.FconvertInput.panFconvertInputFileLockingEnable_Leave(System.Object,System.EventArgs)">
      ***********************************************************************************
       Leave methods to verify required fields have data when it&apos;s associated
       checkbox has been selected - dlk
      ***********************************************************************************		
    </member>
    <member name="M:ISAMUtils.FconvertInput.tboxFconvertInputFileOptions_KeyPress(System.Object,System.Windows.Forms.KeyPressEventArgs)">
      ***********************************************************************************
       Numeric Only
       checks each keystroke to verify that what is being entered is numeric only
      ***********************************************************************************
    </member>
    <member name="P:ISAMUtils.FconvertInput.Options">
      ***********************************************************************************
       properties for Ioptionspage interface -- SCL
      ***********************************************************************************
    </member>
    <member name="M:ISAMUtils.FconvertOutput.btnFconvertOutputFileOptionsBrowseX_Click(System.Object,System.EventArgs)">
      ***********************************************************************************
       Button Clicks
       calls generalRoutines to handle folder and file browse button clicks
      ***********************************************************************************
    </member>
    <member name="M:ISAMUtils.FconvertOutput.cboxFconvertOutputFileLockingEnable_CheckedChanged(System.Object,System.EventArgs)">
      ***********************************************************************************
       CheckBox CheckedChanged - Clear Panel
       when the checkBox is either checked or unchecked, these routines will fire and
       clear out the data in the fields associated with that checkBox
      ***********************************************************************************
    </member>
    <member name="M:ISAMUtils.FconvertOutput.rbtnFconvertOutputNew_CheckedChanged(System.Object,System.EventArgs)">
      ***********************************************************************************
       If the radio button for create new output file is selescted then...
       enable the combo box associated with creating a new output file
      ***********************************************************************************
    </member>
    <member name="M:ISAMUtils.FconvertOutput.rbtnFconvertOutputAppend_CheckedChanged(System.Object,System.EventArgs)">
      ***********************************************************************************
       If the radio button for appending an existing output file is selescted then...
       enable the combo box associated with creating a new output file
      ***********************************************************************************
    </member>
    <member name="M:ISAMUtils.FconvertOutput.comboxFconvertOutputFileType_SelectedIndexChanged(System.Object,System.EventArgs)">
      ***********************************************************************************
       ComboBox selection changes 
       sets the tag value for the combo boxes based on what the SelectedItemIndex is
      ***********************************************************************************	
    </member>
    <member name="M:ISAMUtils.FconvertOutput.panFconvertOutputFileLockingEnable_Leave(System.Object,System.EventArgs)">
      ***********************************************************************************
       Leave methods to verify required fields have data when it&apos;s associated
       checkbox has been selected - dlk
      ***********************************************************************************			
    </member>
    <member name="M:ISAMUtils.FconvertOutput.tboxFconvertOutputFileOptions_KeyPress(System.Object,System.Windows.Forms.KeyPressEventArgs)">
      ***********************************************************************************
       Numeric Only
       checks each keystroke to verify that what is being entered is numeric only
      ***********************************************************************************		
    </member>
    <member name="P:ISAMUtils.FconvertOutput.Options">
      ***********************************************************************************
       properties for Ioptionspage interface -- SCL
      ***********************************************************************************
    </member>
    <member name="M:ISAMUtils.FconvertSwitches.btnFconvertSwitchesBrowseX_Click(System.Object,System.EventArgs)">
      ***********************************************************************************
       Button Clicks
      ***********************************************************************************
    </member>
    <member name="M:ISAMUtils.FconvertSwitches.cboxFconvertSwitchesX_CheckedChanged(System.Object,System.EventArgs)">
      ***********************************************************************************
       CheckBox CheckedChanged
      ***********************************************************************************
    </member>
    <member name="P:ISAMUtils.FconvertSwitches.Options">
      ***********************************************************************************
       properties for Ioptionspage interface -- SCL
      ***********************************************************************************
    </member>
    <member name="M:ISAMUtils.generalRoutines.AboutBox">
      ***********************************************************************************
       About Box - dlk
      ***********************************************************************************
    </member>
    <member name="M:ISAMUtils.generalRoutines.clearPanel(System.Windows.Forms.Control,System.Windows.Forms.CheckBox)">
      ***********************************************************************************
       Clear Panel Control Method
       passedCtrl - panel to be cleared
       cbox - check box associated with the panel
      ***********************************************************************************
    </member>
    <member name="M:ISAMUtils.generalRoutines.clearTab(System.Windows.Forms.Control)">
      ***********************************************************************************
       Clear Tab Method
       passedTab - the selected tab when this method was called
      ***********************************************************************************
    </member>
    <member name="F:ISAMUtils.generalRoutines.ISAMCommandString">
      ***********************************************************************************
       Command Line String
      ***********************************************************************************
    </member>
    <member name="M:ISAMUtils.generalRoutines.dirBrowseBtn(System.Windows.Forms.TextBox)">
      ***********************************************************************************
       Directory Browse Button Method
       tb - textBox where the directory info will be placed
      ***********************************************************************************
    </member>
    <member name="M:ISAMUtils.generalRoutines.exitBtn">
      ***********************************************************************************
       Exit Button Method - dlk
      ***********************************************************************************
    </member>
    <member name="M:ISAMUtils.generalRoutines.fileBrowseBtn(System.Windows.Forms.TextBox,System.Int32)">
      ***********************************************************************************
       File Browse Button Method
       tb - textBox where the file info will be placed
       fi - the passed file index to determine what filter to be used
      ***********************************************************************************
    </member>
    <member name="M:ISAMUtils.generalRoutines.bldCmdLine(System.Windows.Forms.Control)">
      ************************************************************************************
       method to build up a command line -- SCL
      ************************************************************************************
    </member>
    <member name="M:ISAMUtils.generalRoutines.createLogFile(System.String)">
      ************************************************************************************
       method to create log file if selected -- SCL
      ************************************************************************************
    </member>
    <member name="M:ISAMUtils.generalRoutines.FindSelectedTabPage(System.Windows.Forms.Control.ControlCollection)">
      ************************************************************************************
       method to determine the current tab page -- JTF
      ************************************************************************************
    </member>
    <member name="M:ISAMUtils.generalRoutines.catch_code(System.String,System.String)">
      ************************************************************************************
       method to call when an error is caught -- JTF
       display error message and writes contents to file
      ************************************************************************************
    </member>
    <member name="M:ISAMUtils.generalRoutines.validatefield(System.String,System.Windows.Forms.CheckBox,System.Windows.Forms.Control)">
      ************************************************************************************
       method to call when validating a field -- JTF
      ************************************************************************************
    </member>
    <member name="M:ISAMUtils.generalRoutines.numericOnly(System.String)">
      ***********************************************************************************
       Numeric Only Method
       enteredText - e.KeyChar.ToString()
      ***********************************************************************************
    </member>
    <member name="M:ISAMUtils.generalRoutines.MakeArgs(System.String,System.Collections.Generic.List<String>)">
      ************************************************************************************
       user control options processor
      ************************************************************************************
    </member>
    <member name="M:ISAMUtils.IPAR.btnISUTLIparBrowseIsam_Click(System.Object,System.EventArgs)">
      ***********************************************************************************
       Button Clicks
       calls generalRoutines to handle folder and file browse button clicks
      ***********************************************************************************		
    </member>
    <member name="M:ISAMUtils.IPAR.cboxISUTLIparX_CheckedChanged(System.Object,System.EventArgs)">
      ***********************************************************************************
       CheckBox CheckedChanged
       when the checkBox is either checked or unchecked, the command line will be appended
       with the appropriate tag info
      ***********************************************************************************
    </member>
    <member name="P:ISAMUtils.IPAR.Options">
      ***********************************************************************************
       properties for Ioptionspage interface -- SCL
      ***********************************************************************************
    </member>
    <member name="M:ISAMUtils.ISAMUtilsClass.btnClearSettings_Click(System.Object,System.EventArgs)">
      ***********************************************************************************
       Button Click - Clear All - jtf
       gets the current tab and then clears all fields
      ***********************************************************************************		
    </member>
    <member name="M:ISAMUtils.ISAMUtilsClass.btnExit_Click(System.Object,System.EventArgs)">
      ***********************************************************************************
       Button Click - Exit - dlk
      
      ***********************************************************************************
    </member>
    <member name="M:ISAMUtils.ISAMUtilsClass.btnRun_Click(System.Object,System.EventArgs)">
      ***********************************************************************************
       Button Click - Run - SCL
       gets the current tab info and builds up a string using the tag values of each item
      	in that tab then runs the string.
      ***********************************************************************************		
    </member>
    <member name="M:ISAMUtils.ISAMUtilsClass.cboxSendToLog_CheckedChanged(System.Object,System.EventArgs)">
      ***********************************************************************************
       checkBox CheckChanged - Send to Log - dlk
       calls generalRoutines to handle folder and file browse button clicks
      ***********************************************************************************
    </member>
    <member name="M:ISAMUtils.ISAMUtilsClass.ISAMUtilsClass_Load(System.Object,System.EventArgs)">
      ***********************************************************************************
       Main Form Load Method - dlk
      ***********************************************************************************
    </member>
    <member name="M:ISAMUtils.ISAMUtilsClass.aboutToolStripMenuItem_Click(System.Object,System.EventArgs)">
      ***********************************************************************************
       Menu click events - bai/dlk
      ***********************************************************************************
    </member>
    <member name="M:ISAMUtils.ISUTLFastload.btnISUTLFastloadBrowseISAM_Click(System.Object,System.EventArgs)">
      ***********************************************************************************
       Button Clicks
       calls generalRoutines to handle folder and file browse button clicks
      ***********************************************************************************	
    </member>
    <member name="M:ISAMUtils.ISUTLFastload.tboxISUTLFastloadBrowseISAM_TextChanged(System.Object,System.EventArgs)">
      ***********************************************************************************
       CheckBox CheckedChanged - Clear Panel
       when the checkBox is either checked or unchecked, these routines will fire and
       clear out the data in the fields associated with that checkBox
      ***********************************************************************************
    </member>
    <member name="M:ISAMUtils.ISUTLFastload.comboxISUTLFastloadMessageLevel_SelectedIndexChanged(System.Object,System.EventArgs)">
      ***********************************************************************************
       Leave methods for required fields
       validates if a required field has data in it or not
      ***********************************************************************************		
    </member>
    <member name="M:ISAMUtils.ISUTLFastload.tboxISUTLFastloadPackIndex_KeyPress(System.Object,System.Windows.Forms.KeyPressEventArgs)">
      ***********************************************************************************
       Numeric Only
       checks each keystroke to verify that what is being entered is numeric only
      ***********************************************************************************
    </member>
    <member name="P:ISAMUtils.ISUTLFastload.Options">
      ***********************************************************************************
       properties for Ioptionspage interface -- SCL
      ***********************************************************************************
    </member>
    <member name="M:ISAMUtils.isutlPatch.btnISUTLPatchBrowseISAM_Click(System.Object,System.EventArgs)">
      ***********************************************************************************
       Button Clicks
       calls generalRoutines to handle folder and file browse button clicks
      ***********************************************************************************		
    </member>
    <member name="M:ISAMUtils.isutlPatch.panIsutlPatchQfile_Leave(System.Object,System.EventArgs)">
      ***********************************************************************************
       Leave methods for required fields
       validates if a required field has data in it or not
      ***********************************************************************************
    </member>
    <member name="P:ISAMUtils.isutlPatch.Options">
      ***********************************************************************************
       properties for Ioptionspage interface -- SCL
      ***********************************************************************************
    </member>
    <member name="M:ISAMUtils.isutlReload.btnISUTLReloadBrowseISAM_Click(System.Object,System.EventArgs)">
      ***********************************************************************************
       Button Clicks
       calls generalRoutines to handle folder and file browse button clicks
      ***********************************************************************************
    </member>
    <member name="M:ISAMUtils.isutlReload.cboxISUTLReloadO_CheckedChanged(System.Object,System.EventArgs)">
      ***********************************************************************************
       CheckBox CheckedChanged - Clear Panel
       when the checkBox is either checked or unchecked, these routines will fire and
       clear out the data in the fields associated with that checkBox
      ***********************************************************************************
    </member>
    <member name="M:ISAMUtils.isutlReload.cboxISUTLReloadTbyte_CheckedChanged(System.Object,System.EventArgs)">
      ***********************************************************************************
       reloadtbyteCheckBox CheckedChanged 
       sets tag values for -qfile options to build up the command line 
      ***********************************************************************************
    </member>
    <member name="M:ISAMUtils.isutlReload.cboxISUTLReloadIndex_CheckedChanged(System.Object,System.EventArgs)">
      ***********************************************************************************
       reloadindexCheckBox CheckedChanged 
       sets tag values for -qfile options to build up the command line 
      ***********************************************************************************
    </member>
    <member name="M:ISAMUtils.isutlReload.cboxISUTLReloadDensity_CheckedChanged(System.Object,System.EventArgs)">
      ***********************************************************************************
       reloaddensityCheckBox CheckedChanged 
       sets tag values for -qfile options to build up the command line 
      ***********************************************************************************
    </member>
    <member name="M:ISAMUtils.isutlReload.cboxIsutlReloadA_CheckedChanged(System.Object,System.EventArgs)">
      ***********************************************************************************
       CheckBox ISUTLReloadA CheckedChanged
      	checks to see if there is any text in the reload browse text box and if not, display
       an error message. If it does have text, parse the file name and create a backup
      ***********************************************************************************
    </member>
    <member name="M:ISAMUtils.isutlReload.comboxISUTLReloadMessage_SelectedIndexChanged(System.Object,System.EventArgs)">
      ***********************************************************************************
       ComboBox selection changes
       sets the tag value for the combo boxes based on the SelectedItemIndex
      ***********************************************************************************
    </member>
    <member name="M:ISAMUtils.isutlReload.tboxISUTLReloadO_Leave(System.Object,System.EventArgs)">
      ***********************************************************************************
       Leave methods for required fields
       validates if a required field has data in it or not
      ***********************************************************************************
    </member>
    <member name="M:ISAMUtils.isutlReload.tboxISUTLReload_KeyPress(System.Object,System.Windows.Forms.KeyPressEventArgs)">
      ***********************************************************************************
       Numeric Only
       checks each keystroke to verify that what is being entered is numeric only
      ***********************************************************************************
    </member>
    <member name="P:ISAMUtils.isutlReload.Options">
      ***********************************************************************************
       properties for Ioptionspage interface -- SCL
      ***********************************************************************************
    </member>
    <member name="M:ISAMUtils.isutlVerify.btnISUTLVerifyBrowseISAM_Click(System.Object,System.EventArgs)">
      ***********************************************************************************
       Button Clicks
       calls generalRoutines to handle folder and file browse button clicks
      ***********************************************************************************	
    </member>
    <member name="M:ISAMUtils.isutlVerify.cboxISUTLVerifyT_CheckedChanged(System.Object,System.EventArgs)">
      ***********************************************************************************
       CheckBox CheckedChanged - Clear Panel
       when the checkBox is either checked or unchecked, these routines will fire and
       clear out the data in the fields associated with that checkBox
      ***********************************************************************************		
    </member>
    <member name="M:ISAMUtils.isutlVerify.comboxISUTLVerifyMessage_SelectedIndexChanged(System.Object,System.EventArgs)">
      ***********************************************************************************
       ComboBox selection changes
       sets the tag value for the combo boxes based on what the SelectedItemIndex is	
      ***********************************************************************************
    </member>
    <member name="P:ISAMUtils.isutlVerify.Options">
      ***********************************************************************************
       properties for Ioptionspage interface -- SCL
      ***********************************************************************************
    </member>
    <member name="M:ISAMUtils.MAIN$PROGRAM">
       <summary>
       The main entry point for the application.
       </summary>
    </member>
    <member name="T:ISAMUtils.Properties.Resources">
       <summary>
         A strongly-typed resource class, for looking up localized strings, etc.
       </summary>
    </member>
    <member name="P:ISAMUtils.Properties.Resources.ResourceManager">
       <summary>
         Returns the cached ResourceManager instance used by this class.
       </summary>
    </member>
    <member name="P:ISAMUtils.Properties.Resources.Culture">
       <summary>
         Overrides the current thread&apos;s CurrentUICulture property for all
         resource lookups using this strongly typed resource class.
       </summary>
    </member>
  </members>
</doc>
